Title,Description,Link,Media URL,Pinterest board,Publish date
Grade 3 Addition Practice Worksheet (29 Problems) | Printable Practice,Teachers and parents love this Addition worksheet for Grade 3. Download and print instantly.,https://mathworksheetarchive.github.io/html/grade-3-addition-practice-worksheet-29-problems-3128.html,https://mathworksheetarchive.github.io/images/grade-3-addition-practice-worksheet-29-problems-3128.jpg,Elementary Math Activities,03/17/2026 08:22:00 AM
"Count and Color Flower, Circle, Apple Worksheet for Kids",Fun and engaging Count and Color worksheet for Preschool. Perfect printable math practice.,https://mathworksheetarchive.github.io/html/count-and-color-flower-circle-apple-worksheet-for-kids-4521.html,https://mathworksheetarchive.github.io/images/count-and-color-flower-circle-apple-worksheet-for-kids-4521.jpg,Elementary Math Activities,03/17/2026 11:00:00 AM
Free Counting Objects Worksheet For Kindergarten - Part 3 | Printable Practice,Fun and engaging Counting Objects worksheet for Kindergarten. Perfect printable math practice.,https://mathworksheetarchive.github.io/html/free-counting-objects-worksheet-for-kindergarten-part-3-5178.html,https://mathworksheetarchive.github.io/images/free-counting-objects-worksheet-for-kindergarten-part-3-5178.jpg,Elementary Math Activities,03/17/2026 01:23:00 PM
Free 23 Division Math Worksheet For Grade 2 With Answers - Part 4 | Printable Practice,Help kids master Division with this printable worksheet for Grade 2. Great for daily math practice.,https://mathworksheetarchive.github.io/html/free-23-division-math-worksheet-for-grade-2-with-answers-part-4-1188.html,https://mathworksheetarchive.github.io/images/free-23-division-math-worksheet-for-grade-2-with-answers-part-4-1188.jpg,Math Practice Printables,03/17/2026 04:24:00 PM
8 Math Knowledge Test for Study,Teachers and parents love this Math worksheet for Math. Download and print instantly.,https://mathworksheetarchive.github.io/html/8-math-knowledge-test-for-study-4941.html,https://mathworksheetarchive.github.io/images/8-math-knowledge-test-for-study-4941.jpg,Elementary Math Activities,03/17/2026 08:36:00 PM
Missing Number Math Worksheet,Help kids master Missing Number with this printable worksheet for Grade 1. Great for daily math practice.,https://mathworksheetarchive.github.io/html/missing-number-math-worksheet-8376.html,https://mathworksheetarchive.github.io/images/missing-number-math-worksheet-8376.jpg,Elementary Math Activities,03/18/2026 08:30:00 AM
Mixed Operations Math Worksheet,Help kids master Mixed Operations with this printable worksheet for Grade 3. Great for daily math practice.,https://mathworksheetarchive.github.io/html/mixed-operations-math-worksheet-5842.html,https://mathworksheetarchive.github.io/images/mixed-operations-math-worksheet-5842.jpg,Homeschool Math,03/18/2026 11:04:00 AM
Free 11 Multiplication Math Worksheet For Grade 2 With Answers - Part 8 | Printable Practice,Fun and engaging Multiplication worksheet for Grade 2. Perfect printable math practice.,https://mathworksheetarchive.github.io/html/free-11-multiplication-math-worksheet-for-grade-2-with-answers-part-8-1789.html,https://mathworksheetarchive.github.io/images/free-11-multiplication-math-worksheet-for-grade-2-with-answers-part-8-1789.jpg,Printable Worksheets,03/18/2026 01:30:00 PM
Free 10 Subtraction Math Worksheet For Grade 3 - Part 9 | Printable Practice,Teachers and parents love this Subtraction worksheet for Grade 3. Download and print instantly.,https://mathworksheetarchive.github.io/html/free-10-subtraction-math-worksheet-for-grade-3-part-9-9700.html,https://mathworksheetarchive.github.io/images/free-10-subtraction-math-worksheet-for-grade-3-part-9-9700.jpg,Math Practice Printables,03/18/2026 04:22:00 PM
10 Times Table Worksheet For Grade 3 - Part 10 | Printable Practice,Teachers and parents love this Times Table worksheet for Grade 3. Download and print instantly.,https://mathworksheetarchive.github.io/html/10-times-table-worksheet-for-grade-3-part-10-8528.html,https://mathworksheetarchive.github.io/images/10-times-table-worksheet-for-grade-3-part-10-8528.jpg,Elementary Math Activities,03/18/2026 08:35:00 PM
Printable Tracing Worksheet For Kids - Part 11 | Free Printable,Teachers and parents love this Tracing worksheet for Preschool. Download and print instantly.,https://mathworksheetarchive.github.io/html/printable-tracing-worksheet-for-kids-part-11-8394.html,https://mathworksheetarchive.github.io/images/printable-tracing-worksheet-for-kids-part-11-8394.jpg,Kids Math Worksheets,03/19/2026 08:37:00 AM
Math Word Problem Worksheet,Printable Word Problem worksheet designed for Grade 3 students. Easy and fun math practice.,https://mathworksheetarchive.github.io/html/math-word-problem-worksheet-4405.html,https://mathworksheetarchive.github.io/images/math-word-problem-worksheet-4405.jpg,Printable Worksheets,03/19/2026 11:04:00 AM
Printable Free 11 Addition Math Worksheet For Grade 3 - Part 13 | Printable Practice,Free printable Addition worksheet for Grade 3. Perfect for homeschool practice and classroom activities.,https://mathworksheetarchive.github.io/html/printable-free-11-addition-math-worksheet-for-grade-3-part-13-3142.html,https://mathworksheetarchive.github.io/images/printable-free-11-addition-math-worksheet-for-grade-3-part-13-3142.jpg,Elementary Math Activities,03/19/2026 01:37:00 PM
"Count and Color Apple, Circle, Apple Worksheet for Kids",Printable Count and Color worksheet designed for Preschool students. Easy and fun math practice.,https://mathworksheetarchive.github.io/html/count-and-color-apple-circle-apple-worksheet-for-kids-9053.html,https://mathworksheetarchive.github.io/images/count-and-color-apple-circle-apple-worksheet-for-kids-9053.jpg,Elementary Math Activities,03/19/2026 04:24:00 PM
Kindergarten Count The Objects Worksheet - Part 15 | Printable Practice,Help kids master Counting Objects with this printable worksheet for Kindergarten. Great for daily math practice.,https://mathworksheetarchive.github.io/html/kindergarten-count-the-objects-worksheet-part-15-3389.html,https://mathworksheetarchive.github.io/images/kindergarten-count-the-objects-worksheet-part-15-3389.jpg,Printable Worksheets,03/19/2026 08:29:00 PM
Grade 2 Division Practice Worksheet (27 Problems) - Part 16 | Printable Practice,Printable Division worksheet designed for Grade 2 students. Easy and fun math practice.,https://mathworksheetarchive.github.io/html/grade-2-division-practice-worksheet-27-problems-part-16-8497.html,https://mathworksheetarchive.github.io/images/grade-2-division-practice-worksheet-27-problems-part-16-8497.jpg,Homeschool Math,03/20/2026 08:35:00 AM
4 Math Skill Test Worksheet,Free printable Math worksheet for Math. Perfect for homeschool practice and classroom activities.,https://mathworksheetarchive.github.io/html/4-math-skill-test-worksheet-1912.html,https://mathworksheetarchive.github.io/images/4-math-skill-test-worksheet-1912.jpg,Math Practice Printables,03/20/2026 11:00:00 AM
Missing Number Math Worksheet,Printable Missing Number worksheet designed for Grade 1 students. Easy and fun math practice.,https://mathworksheetarchive.github.io/html/missing-number-math-worksheet-3774.html,https://mathworksheetarchive.github.io/images/missing-number-math-worksheet-3774.jpg,Elementary Math Activities,03/20/2026 01:30:00 PM
Mixed Operations Math Worksheet,Free printable Mixed Operations worksheet for Grade 3. Perfect for homeschool practice and classroom activities.,https://mathworksheetarchive.github.io/html/mixed-operations-math-worksheet-5774.html,https://mathworksheetarchive.github.io/images/mixed-operations-math-worksheet-5774.jpg,Printable Worksheets,03/20/2026 04:34:00 PM
Free 16 Multiplication Math Worksheet For Grade 2 With Answers - Part 20 | Printable Practice,Fun and engaging Multiplication worksheet for Grade 2. Perfect printable math practice.,https://mathworksheetarchive.github.io/html/free-16-multiplication-math-worksheet-for-grade-2-with-answers-part-20-4534.html,https://mathworksheetarchive.github.io/images/free-16-multiplication-math-worksheet-for-grade-2-with-answers-part-20-4534.jpg,Kids Math Worksheets,03/20/2026 08:36:00 PM
Grade 2 Subtraction Practice Worksheet (24 Problems) - Part 21 | Printable Practice,Help kids master Subtraction with this printable worksheet for Grade 2. Great for daily math practice.,https://mathworksheetarchive.github.io/html/grade-2-subtraction-practice-worksheet-24-problems-part-21-6074.html,https://mathworksheetarchive.github.io/images/grade-2-subtraction-practice-worksheet-24-problems-part-21-6074.jpg,Elementary Math Activities,03/21/2026 08:38:00 AM
2 Times Table Worksheet For Grade 2 - Part 22 | Printable Practice,Printable Times Table worksheet designed for Grade 2 students. Easy and fun math practice.,https://mathworksheetarchive.github.io/html/2-times-table-worksheet-for-grade-2-part-22-2966.html,https://mathworksheetarchive.github.io/images/2-times-table-worksheet-for-grade-2-part-22-2966.jpg,Elementary Math Activities,03/21/2026 11:00:00 AM
Printable Tracing Worksheet For Kids - Part 23 | Free Printable,Fun and engaging Tracing worksheet for Preschool. Perfect printable math practice.,https://mathworksheetarchive.github.io/html/printable-tracing-worksheet-for-kids-part-23-5247.html,https://mathworksheetarchive.github.io/images/printable-tracing-worksheet-for-kids-part-23-5247.jpg,Kids Math Worksheets,03/21/2026 01:32:00 PM
Math Word Problem Worksheet,Free printable Word Problem worksheet for Grade 3. Perfect for homeschool practice and classroom activities.,https://mathworksheetarchive.github.io/html/math-word-problem-worksheet-7040.html,https://mathworksheetarchive.github.io/images/math-word-problem-worksheet-7040.jpg,Elementary Math Activities,03/21/2026 04:34:00 PM
Grade 3 Addition Practice Worksheet (10 Problems) - Part 25 | Printable Practice,Free printable Addition worksheet for Grade 3. Perfect for homeschool practice and classroom activities.,https://mathworksheetarchive.github.io/html/grade-3-addition-practice-worksheet-10-problems-part-25-7535.html,https://mathworksheetarchive.github.io/images/grade-3-addition-practice-worksheet-10-problems-part-25-7535.jpg,Kids Math Worksheets,03/21/2026 08:38:00 PM
5 Free Count and Color Worksheets for Kindergarten,Teachers and parents love this Count and Color worksheet for Kindergarten. Download and print instantly.,https://mathworksheetarchive.github.io/html/5-free-count-and-color-worksheets-for-kindergarten-3035.html,https://mathworksheetarchive.github.io/images/5-free-count-and-color-worksheets-for-kindergarten-3035.jpg,Math Practice Printables,03/22/2026 08:37:00 AM
Learn Counting With Pictures Worksheet (Kindergarten) - Part 27 | Printable Practice,Fun and engaging Counting Objects worksheet for Kindergarten. Perfect printable math practice.,https://mathworksheetarchive.github.io/html/learn-counting-with-pictures-worksheet-kindergarten-part-27-2393.html,https://mathworksheetarchive.github.io/images/learn-counting-with-pictures-worksheet-kindergarten-part-27-2393.jpg,Homeschool Math,03/22/2026 11:07:00 AM
Free 28 Division Math Worksheet For Grade 2 With Answers - Part 28 | Printable Practice,Teachers and parents love this Division worksheet for Grade 2. Download and print instantly.,https://mathworksheetarchive.github.io/html/free-28-division-math-worksheet-for-grade-2-with-answers-part-28-7251.html,https://mathworksheetarchive.github.io/images/free-28-division-math-worksheet-for-grade-2-with-answers-part-28-7251.jpg,Kids Math Worksheets,03/22/2026 01:27:00 PM
4 Math Quiz Practice Worksheet,Help kids master Math with this printable worksheet for Math. Great for daily math practice.,https://mathworksheetarchive.github.io/html/4-math-quiz-practice-worksheet-4669.html,https://mathworksheetarchive.github.io/images/4-math-quiz-practice-worksheet-4669.jpg,Printable Worksheets,03/22/2026 04:23:00 PM
Missing Number Math Worksheet,Help kids master Missing Number with this printable worksheet for Grade 1. Great for daily math practice.,https://mathworksheetarchive.github.io/html/missing-number-math-worksheet-8329.html,https://mathworksheetarchive.github.io/images/missing-number-math-worksheet-8329.jpg,Kids Math Worksheets,03/22/2026 08:27:00 PM
Mixed Operations Math Worksheet,Fun and engaging Mixed Operations worksheet for Grade 3. Perfect printable math practice.,https://mathworksheetarchive.github.io/html/mixed-operations-math-worksheet-6678.html,https://mathworksheetarchive.github.io/images/mixed-operations-math-worksheet-6678.jpg,Math Practice Printables,03/23/2026 08:29:00 AM
Free 29 Multiplication Math Worksheet For Grade 2 - Part 32 | Printable Practice,Printable Multiplication worksheet designed for Grade 2 students. Easy and fun math practice.,https://mathworksheetarchive.github.io/html/free-29-multiplication-math-worksheet-for-grade-2-part-32-1329.html,https://mathworksheetarchive.github.io/images/free-29-multiplication-math-worksheet-for-grade-2-part-32-1329.jpg,Math Practice Printables,03/23/2026 11:00:00 AM
Free 28 Subtraction Math Worksheet For Grade 2 With Answers - Part 33 | Printable Practice,Free printable Subtraction worksheet for Grade 2. Perfect for homeschool practice and classroom activities.,https://mathworksheetarchive.github.io/html/free-28-subtraction-math-worksheet-for-grade-2-with-answers-part-33-9711.html,https://mathworksheetarchive.github.io/images/free-28-subtraction-math-worksheet-for-grade-2-with-answers-part-33-9711.jpg,Kids Math Worksheets,03/23/2026 01:38:00 PM
Printable 3 Times Table Worksheet For Grade 2 - Part 34 | Printable Practice,Printable Times Table worksheet designed for Grade 2 students. Easy and fun math practice.,https://mathworksheetarchive.github.io/html/printable-3-times-table-worksheet-for-grade-2-part-34-3787.html,https://mathworksheetarchive.github.io/images/printable-3-times-table-worksheet-for-grade-2-part-34-3787.jpg,Math Practice Printables,03/23/2026 04:33:00 PM
Printable Tracing Worksheet For Kids - Part 35 | Free Printable,Teachers and parents love this Tracing worksheet for Preschool. Download and print instantly.,https://mathworksheetarchive.github.io/html/printable-tracing-worksheet-for-kids-part-35-5692.html,https://mathworksheetarchive.github.io/images/printable-tracing-worksheet-for-kids-part-35-5692.jpg,Homeschool Math,03/23/2026 08:36:00 PM
Math Word Problem Worksheet,Printable Word Problem worksheet designed for Grade 3 students. Easy and fun math practice.,https://mathworksheetarchive.github.io/html/math-word-problem-worksheet-3561.html,https://mathworksheetarchive.github.io/images/math-word-problem-worksheet-3561.jpg,Math Practice Printables,03/24/2026 08:23:00 AM
Free 12 Addition Math Worksheet For Grade 5 With Answers - Part 37 | Printable Practice,Fun and engaging Addition worksheet for Grade 5. Perfect printable math practice.,https://mathworksheetarchive.github.io/html/free-12-addition-math-worksheet-for-grade-5-with-answers-part-37-3053.html,https://mathworksheetarchive.github.io/images/free-12-addition-math-worksheet-for-grade-5-with-answers-part-37-3053.jpg,Printable Worksheets,03/24/2026 11:05:00 AM
Free Preschool Count and Color Worksheet,Free printable Count and Color worksheet for Preschool. Perfect for homeschool practice and classroom activities.,https://mathworksheetarchive.github.io/html/free-preschool-count-and-color-worksheet-2573.html,https://mathworksheetarchive.github.io/images/free-preschool-count-and-color-worksheet-2573.jpg,Printable Worksheets,03/24/2026 01:24:00 PM
Free Counting Objects Worksheet For Kindergarten Printable - Part 39 | Printable Practice,Free printable Counting Objects worksheet for Kindergarten. Perfect for homeschool practice and classroom activities.,https://mathworksheetarchive.github.io/html/free-counting-objects-worksheet-for-kindergarten-printable-part-39-6544.html,https://mathworksheetarchive.github.io/images/free-counting-objects-worksheet-for-kindergarten-printable-part-39-6544.jpg,Homeschool Math,03/24/2026 04:25:00 PM
Grade 2 Division Practice Worksheet (20 Problems) - Part 40 | Printable Practice,Free printable Division worksheet for Grade 2. Perfect for homeschool practice and classroom activities.,https://mathworksheetarchive.github.io/html/grade-2-division-practice-worksheet-20-problems-part-40-5413.html,https://mathworksheetarchive.github.io/images/grade-2-division-practice-worksheet-20-problems-part-40-5413.jpg,Homeschool Math,03/24/2026 08:33:00 PM
Daily Mathematics Quiz Worksheet (8 Questions),Free printable Math worksheet for Math. Perfect for homeschool practice and classroom activities.,https://mathworksheetarchive.github.io/html/daily-mathematics-quiz-worksheet-8-questions-7326.html,https://mathworksheetarchive.github.io/images/daily-mathematics-quiz-worksheet-8-questions-7326.jpg,Math Practice Printables,03/25/2026 08:37:00 AM
Missing Number Math Worksheet,Teachers and parents love this Missing Number worksheet for Grade 1. Download and print instantly.,https://mathworksheetarchive.github.io/html/missing-number-math-worksheet-9579.html,https://mathworksheetarchive.github.io/images/missing-number-math-worksheet-9579.jpg,Printable Worksheets,03/25/2026 11:00:00 AM
Mixed Operations Math Worksheet,Free printable Mixed Operations worksheet for Grade 3. Perfect for homeschool practice and classroom activities.,https://mathworksheetarchive.github.io/html/mixed-operations-math-worksheet-9740.html,https://mathworksheetarchive.github.io/images/mixed-operations-math-worksheet-9740.jpg,Homeschool Math,03/25/2026 01:29:00 PM
Printable Free 17 Multiplication Math Worksheet For Grade 2 - Part 44 | Printable Practice,Teachers and parents love this Multiplication worksheet for Grade 2. Download and print instantly.,https://mathworksheetarchive.github.io/html/printable-free-17-multiplication-math-worksheet-for-grade-2-part-44-1051.html,https://mathworksheetarchive.github.io/images/printable-free-17-multiplication-math-worksheet-for-grade-2-part-44-1051.jpg,Kids Math Worksheets,03/25/2026 04:25:00 PM
Free 11 Subtraction Math Worksheet For Grade 3 With Answers - Part 45 | Printable Practice,Fun and engaging Subtraction worksheet for Grade 3. Perfect printable math practice.,https://mathworksheetarchive.github.io/html/free-11-subtraction-math-worksheet-for-grade-3-with-answers-part-45-2678.html,https://mathworksheetarchive.github.io/images/free-11-subtraction-math-worksheet-for-grade-3-with-answers-part-45-2678.jpg,Math Practice Printables,03/25/2026 08:31:00 PM
Grade 2 Multiplication Table 3 Practice - Part 46 | Printable Practice,Printable Times Table worksheet designed for Grade 2 students. Easy and fun math practice.,https://mathworksheetarchive.github.io/html/grade-2-multiplication-table-3-practice-part-46-9419.html,https://mathworksheetarchive.github.io/images/grade-2-multiplication-table-3-practice-part-46-9419.jpg,Elementary Math Activities,03/26/2026 08:28:00 AM
Printable Tracing Worksheet For Kids - Part 47 | Free Printable,Teachers and parents love this Tracing worksheet for Preschool. Download and print instantly.,https://mathworksheetarchive.github.io/html/printable-tracing-worksheet-for-kids-part-47-5780.html,https://mathworksheetarchive.github.io/images/printable-tracing-worksheet-for-kids-part-47-5780.jpg,Math Practice Printables,03/26/2026 11:07:00 AM
Math Word Problem Worksheet,Fun and engaging Word Problem worksheet for Grade 3. Perfect printable math practice.,https://mathworksheetarchive.github.io/html/math-word-problem-worksheet-3917.html,https://mathworksheetarchive.github.io/images/math-word-problem-worksheet-3917.jpg,Printable Worksheets,03/26/2026 01:36:00 PM
Grade 1 Addition Practice Worksheet (20 Problems) - Part 49 | Printable Practice,Help kids master Addition with this printable worksheet for Grade 1. Great for daily math practice.,https://mathworksheetarchive.github.io/html/grade-1-addition-practice-worksheet-20-problems-part-49-6322.html,https://mathworksheetarchive.github.io/images/grade-1-addition-practice-worksheet-20-problems-part-49-6322.jpg,Printable Worksheets,03/26/2026 04:28:00 PM
Free Grade 1 Count and Color Worksheet,Help kids master Count and Color with this printable worksheet for Grade 1. Great for daily math practice.,https://mathworksheetarchive.github.io/html/free-grade-1-count-and-color-worksheet-6090.html,https://mathworksheetarchive.github.io/images/free-grade-1-count-and-color-worksheet-6090.jpg,Elementary Math Activities,03/26/2026 08:25:00 PM
Kindergarten Count The Objects Worksheet - Part 51 | Printable Practice,Help kids master Counting Objects with this printable worksheet for Kindergarten. Great for daily math practice.,https://mathworksheetarchive.github.io/html/kindergarten-count-the-objects-worksheet-part-51-6492.html,https://mathworksheetarchive.github.io/images/kindergarten-count-the-objects-worksheet-part-51-6492.jpg,Homeschool Math,03/27/2026 08:31:00 AM
Free 28 Division Math Worksheet For Grade 2 With Answers - Part 52 | Printable Practice,Printable Division worksheet designed for Grade 2 students. Easy and fun math practice.,https://mathworksheetarchive.github.io/html/free-28-division-math-worksheet-for-grade-2-with-answers-part-52-8979.html,https://mathworksheetarchive.github.io/images/free-28-division-math-worksheet-for-grade-2-with-answers-part-52-8979.jpg,Homeschool Math,03/27/2026 11:00:00 AM
Free Printable Mathematics Problem Set Quiz Worksheet,Teachers and parents love this Math worksheet for Math. Download and print instantly.,https://mathworksheetarchive.github.io/html/free-printable-mathematics-problem-set-quiz-worksheet-9468.html,https://mathworksheetarchive.github.io/images/free-printable-mathematics-problem-set-quiz-worksheet-9468.jpg,Printable Worksheets,03/27/2026 01:25:00 PM
Missing Number Math Worksheet,Printable Missing Number worksheet designed for Grade 1 students. Easy and fun math practice.,https://mathworksheetarchive.github.io/html/missing-number-math-worksheet-8151.html,https://mathworksheetarchive.github.io/images/missing-number-math-worksheet-8151.jpg,Homeschool Math,03/27/2026 04:31:00 PM
Mixed Operations Math Worksheet,Fun and engaging Mixed Operations worksheet for Grade 3. Perfect printable math practice.,https://mathworksheetarchive.github.io/html/mixed-operations-math-worksheet-5171.html,https://mathworksheetarchive.github.io/images/mixed-operations-math-worksheet-5171.jpg,Printable Worksheets,03/27/2026 08:34:00 PM
Free 22 Multiplication Math Worksheet For Grade 2 With Answers - Part 56 | Printable Practice,Printable Multiplication worksheet designed for Grade 2 students. Easy and fun math practice.,https://mathworksheetarchive.github.io/html/free-22-multiplication-math-worksheet-for-grade-2-with-answers-part-56-9943.html,https://mathworksheetarchive.github.io/images/free-22-multiplication-math-worksheet-for-grade-2-with-answers-part-56-9943.jpg,Printable Worksheets,03/28/2026 08:31:00 AM
Free 15 Subtraction Math Worksheet For Grade 5 - Part 57 | Printable Practice,Teachers and parents love this Subtraction worksheet for Grade 5. Download and print instantly.,https://mathworksheetarchive.github.io/html/free-15-subtraction-math-worksheet-for-grade-5-part-57-2933.html,https://mathworksheetarchive.github.io/images/free-15-subtraction-math-worksheet-for-grade-5-part-57-2933.jpg,Printable Worksheets,03/28/2026 11:02:00 AM
8 Times Table Worksheet For Grade 3 - Part 58 | Printable Practice,Printable Times Table worksheet designed for Grade 3 students. Easy and fun math practice.,https://mathworksheetarchive.github.io/html/8-times-table-worksheet-for-grade-3-part-58-8443.html,https://mathworksheetarchive.github.io/images/8-times-table-worksheet-for-grade-3-part-58-8443.jpg,Homeschool Math,03/28/2026 01:28:00 PM
Printable Tracing Worksheet For Kids - Part 59 | Free Printable,Printable Tracing worksheet designed for Kindergarten students. Easy and fun math practice.,https://mathworksheetarchive.github.io/html/printable-tracing-worksheet-for-kids-part-59-5024.html,https://mathworksheetarchive.github.io/images/printable-tracing-worksheet-for-kids-part-59-5024.jpg,Kids Math Worksheets,03/28/2026 04:22:00 PM
Math Word Problem Worksheet,Free printable Word Problem worksheet for Grade 3. Perfect for homeschool practice and classroom activities.,https://mathworksheetarchive.github.io/html/math-word-problem-worksheet-4425.html,https://mathworksheetarchive.github.io/images/math-word-problem-worksheet-4425.jpg,Kids Math Worksheets,03/28/2026 08:30:00 PM
Free 13 Addition Math Worksheet For Grade 1 - Part 61 | Printable Practice,Free printable Addition worksheet for Grade 1. Perfect for homeschool practice and classroom activities.,https://mathworksheetarchive.github.io/html/free-13-addition-math-worksheet-for-grade-1-part-61-6464.html,https://mathworksheetarchive.github.io/images/free-13-addition-math-worksheet-for-grade-1-part-61-6464.jpg,Printable Worksheets,03/29/2026 08:33:00 AM
3 Free Count and Color Worksheets for Preschool,Printable Count and Color worksheet designed for Preschool students. Easy and fun math practice.,https://mathworksheetarchive.github.io/html/3-free-count-and-color-worksheets-for-preschool-9976.html,https://mathworksheetarchive.github.io/images/3-free-count-and-color-worksheets-for-preschool-9976.jpg,Elementary Math Activities,03/29/2026 11:06:00 AM
Free Counting Objects Worksheet For Kindergarten Printable - Part 63 | Printable Practice,Teachers and parents love this Counting Objects worksheet for Kindergarten. Download and print instantly.,https://mathworksheetarchive.github.io/html/free-counting-objects-worksheet-for-kindergarten-printable-part-63-8388.html,https://mathworksheetarchive.github.io/images/free-counting-objects-worksheet-for-kindergarten-printable-part-63-8388.jpg,Math Practice Printables,03/29/2026 01:35:00 PM
Free 29 Division Math Worksheet For Grade 1 With Answers - Part 64 | Printable Practice,Fun and engaging Division worksheet for Grade 1. Perfect printable math practice.,https://mathworksheetarchive.github.io/html/free-29-division-math-worksheet-for-grade-1-with-answers-part-64-3689.html,https://mathworksheetarchive.github.io/images/free-29-division-math-worksheet-for-grade-1-with-answers-part-64-3689.jpg,Kids Math Worksheets,03/29/2026 04:22:00 PM
Complete Mathematics Problem Set Worksheet for Study,Free printable Math worksheet for Math. Perfect for homeschool practice and classroom activities.,https://mathworksheetarchive.github.io/html/complete-mathematics-problem-set-worksheet-for-study-3091.html,https://mathworksheetarchive.github.io/images/complete-mathematics-problem-set-worksheet-for-study-3091.jpg,Homeschool Math,03/29/2026 08:30:00 PM
Missing Number Math Worksheet,Free printable Missing Number worksheet for Grade 1. Perfect for homeschool practice and classroom activities.,https://mathworksheetarchive.github.io/html/missing-number-math-worksheet-3806.html,https://mathworksheetarchive.github.io/images/missing-number-math-worksheet-3806.jpg,Homeschool Math,03/30/2026 08:32:00 AM
Mixed Operations Math Worksheet,Printable Mixed Operations worksheet designed for Grade 3 students. Easy and fun math practice.,https://mathworksheetarchive.github.io/html/mixed-operations-math-worksheet-7901.html,https://mathworksheetarchive.github.io/images/mixed-operations-math-worksheet-7901.jpg,Printable Worksheets,03/30/2026 11:00:00 AM
Printable Free 21 Multiplication Math Worksheet For Grade 1 - Part 68 | Printable Practice,Free printable Multiplication worksheet for Grade 1. Perfect for homeschool practice and classroom activities.,https://mathworksheetarchive.github.io/html/printable-free-21-multiplication-math-worksheet-for-grade-1-part-68-3420.html,https://mathworksheetarchive.github.io/images/printable-free-21-multiplication-math-worksheet-for-grade-1-part-68-3420.jpg,Homeschool Math,03/30/2026 01:35:00 PM
Printable Free 25 Subtraction Math Worksheet For Grade 5 - Part 69 | Printable Practice,Printable Subtraction worksheet designed for Grade 5 students. Easy and fun math practice.,https://mathworksheetarchive.github.io/html/printable-free-25-subtraction-math-worksheet-for-grade-5-part-69-9729.html,https://mathworksheetarchive.github.io/images/printable-free-25-subtraction-math-worksheet-for-grade-5-part-69-9729.jpg,Printable Worksheets,03/30/2026 04:38:00 PM
Printable 7 Times Table Worksheet For Grade 3 - Part 70 | Printable Practice,Printable Times Table worksheet designed for Grade 3 students. Easy and fun math practice.,https://mathworksheetarchive.github.io/html/printable-7-times-table-worksheet-for-grade-3-part-70-1563.html,https://mathworksheetarchive.github.io/images/printable-7-times-table-worksheet-for-grade-3-part-70-1563.jpg,Elementary Math Activities,03/30/2026 08:38:00 PM
Printable Tracing Worksheet For Kids - Part 71 | Free Printable,Help kids master Tracing with this printable worksheet for Kindergarten. Great for daily math practice.,https://mathworksheetarchive.github.io/html/printable-tracing-worksheet-for-kids-part-71-9540.html,https://mathworksheetarchive.github.io/images/printable-tracing-worksheet-for-kids-part-71-9540.jpg,Elementary Math Activities,03/31/2026 08:31:00 AM
Math Word Problem Worksheet,Help kids master Word Problem with this printable worksheet for Grade 3. Great for daily math practice.,https://mathworksheetarchive.github.io/html/math-word-problem-worksheet-5694.html,https://mathworksheetarchive.github.io/images/math-word-problem-worksheet-5694.jpg,Printable Worksheets,03/31/2026 11:08:00 AM
Printable Free 28 Addition Math Worksheet For Grade 5 - Part 73 | Printable Practice,Free printable Addition worksheet for Grade 5. Perfect for homeschool practice and classroom activities.,https://mathworksheetarchive.github.io/html/printable-free-28-addition-math-worksheet-for-grade-5-part-73-7592.html,https://mathworksheetarchive.github.io/images/printable-free-28-addition-math-worksheet-for-grade-5-part-73-7592.jpg,Kids Math Worksheets,03/31/2026 01:33:00 PM
Preschool Count and Color Shapes Worksheet,Teachers and parents love this Count and Color worksheet for Preschool. Download and print instantly.,https://mathworksheetarchive.github.io/html/preschool-count-and-color-shapes-worksheet-3259.html,https://mathworksheetarchive.github.io/images/preschool-count-and-color-shapes-worksheet-3259.jpg,Elementary Math Activities,03/31/2026 04:29:00 PM
Learn Counting With Pictures Worksheet (Kindergarten) - Part 75 | Printable Practice,Fun and engaging Counting Objects worksheet for Kindergarten. Perfect printable math practice.,https://mathworksheetarchive.github.io/html/learn-counting-with-pictures-worksheet-kindergarten-part-75-9952.html,https://mathworksheetarchive.github.io/images/learn-counting-with-pictures-worksheet-kindergarten-part-75-9952.jpg,Homeschool Math,03/31/2026 08:23:00 PM
Grade 2 Division Practice Worksheet (23 Problems) - Part 76 | Printable Practice,Printable Division worksheet designed for Grade 2 students. Easy and fun math practice.,https://mathworksheetarchive.github.io/html/grade-2-division-practice-worksheet-23-problems-part-76-4821.html,https://mathworksheetarchive.github.io/images/grade-2-division-practice-worksheet-23-problems-part-76-4821.jpg,Elementary Math Activities,04/01/2026 08:35:00 AM
4 General Math Quiz for Math Learners,Free printable Math worksheet for Math. Perfect for homeschool practice and classroom activities.,https://mathworksheetarchive.github.io/html/4-general-math-quiz-for-math-learners-6517.html,https://mathworksheetarchive.github.io/images/4-general-math-quiz-for-math-learners-6517.jpg,Elementary Math Activities,04/01/2026 11:00:00 AM
Missing Number Math Worksheet,Free printable Missing Number worksheet for Grade 1. Perfect for homeschool practice and classroom activities.,https://mathworksheetarchive.github.io/html/missing-number-math-worksheet-6419.html,https://mathworksheetarchive.github.io/images/missing-number-math-worksheet-6419.jpg,Elementary Math Activities,04/01/2026 01:35:00 PM
Mixed Operations Math Worksheet,Fun and engaging Mixed Operations worksheet for Grade 3. Perfect printable math practice.,https://mathworksheetarchive.github.io/html/mixed-operations-math-worksheet-5925.html,https://mathworksheetarchive.github.io/images/mixed-operations-math-worksheet-5925.jpg,Printable Worksheets,04/01/2026 04:27:00 PM
Free 24 Multiplication Math Worksheet For Grade 2 - Part 80 | Printable Practice,Printable Multiplication worksheet designed for Grade 2 students. Easy and fun math practice.,https://mathworksheetarchive.github.io/html/free-24-multiplication-math-worksheet-for-grade-2-part-80-7263.html,https://mathworksheetarchive.github.io/images/free-24-multiplication-math-worksheet-for-grade-2-part-80-7263.jpg,Elementary Math Activities,04/01/2026 08:31:00 PM
Grade 5 Subtraction Practice Worksheet (16 Problems) - Part 81 | Printable Practice,Printable Subtraction worksheet designed for Grade 5 students. Easy and fun math practice.,https://mathworksheetarchive.github.io/html/grade-5-subtraction-practice-worksheet-16-problems-part-81-3454.html,https://mathworksheetarchive.github.io/images/grade-5-subtraction-practice-worksheet-16-problems-part-81-3454.jpg,Homeschool Math,04/02/2026 08:38:00 AM
Grade 2 Multiplication Table 5 Practice - Part 82 | Printable Practice,Teachers and parents love this Times Table worksheet for Grade 2. Download and print instantly.,https://mathworksheetarchive.github.io/html/grade-2-multiplication-table-5-practice-part-82-5441.html,https://mathworksheetarchive.github.io/images/grade-2-multiplication-table-5-practice-part-82-5441.jpg,Kids Math Worksheets,04/02/2026 11:00:00 AM
Printable Tracing Worksheet For Kids - Part 83 | Free Printable,Teachers and parents love this Tracing worksheet for Preschool. Download and print instantly.,https://mathworksheetarchive.github.io/html/printable-tracing-worksheet-for-kids-part-83-1603.html,https://mathworksheetarchive.github.io/images/printable-tracing-worksheet-for-kids-part-83-1603.jpg,Math Practice Printables,04/02/2026 01:38:00 PM
Math Word Problem Worksheet,Fun and engaging Word Problem worksheet for Grade 3. Perfect printable math practice.,https://mathworksheetarchive.github.io/html/math-word-problem-worksheet-6567.html,https://mathworksheetarchive.github.io/images/math-word-problem-worksheet-6567.jpg,Printable Worksheets,04/02/2026 04:28:00 PM
Grade 1 Addition Practice Worksheet (26 Problems) - Part 85 | Printable Practice,Printable Addition worksheet designed for Grade 1 students. Easy and fun math practice.,https://mathworksheetarchive.github.io/html/grade-1-addition-practice-worksheet-26-problems-part-85-6906.html,https://mathworksheetarchive.github.io/images/grade-1-addition-practice-worksheet-26-problems-part-85-6906.jpg,Elementary Math Activities,04/02/2026 08:25:00 PM
Fun Count and Color Objects Worksheet for Preschool,Printable Count and Color worksheet designed for Preschool students. Easy and fun math practice.,https://mathworksheetarchive.github.io/html/fun-count-and-color-objects-worksheet-for-preschool-8134.html,https://mathworksheetarchive.github.io/images/fun-count-and-color-objects-worksheet-for-preschool-8134.jpg,Elementary Math Activities,04/03/2026 08:33:00 AM
Kindergarten Count The Objects Worksheet - Part 87 | Printable Practice,Teachers and parents love this Counting Objects worksheet for Kindergarten. Download and print instantly.,https://mathworksheetarchive.github.io/html/kindergarten-count-the-objects-worksheet-part-87-6312.html,https://mathworksheetarchive.github.io/images/kindergarten-count-the-objects-worksheet-part-87-6312.jpg,Homeschool Math,04/03/2026 11:03:00 AM
Free 12 Division Math Worksheet For Grade 2 - Part 88 | Printable Practice,Printable Division worksheet designed for Grade 2 students. Easy and fun math practice.,https://mathworksheetarchive.github.io/html/free-12-division-math-worksheet-for-grade-2-part-88-7638.html,https://mathworksheetarchive.github.io/images/free-12-division-math-worksheet-for-grade-2-part-88-7638.jpg,Math Practice Printables,04/03/2026 01:35:00 PM
Complete Math Knowledge Test Worksheet (8 Questions),Printable Math worksheet designed for Math students. Easy and fun math practice.,https://mathworksheetarchive.github.io/html/complete-math-knowledge-test-worksheet-8-questions-7183.html,https://mathworksheetarchive.github.io/images/complete-math-knowledge-test-worksheet-8-questions-7183.jpg,Homeschool Math,04/03/2026 04:32:00 PM
Missing Number Math Worksheet,Teachers and parents love this Missing Number worksheet for Grade 1. Download and print instantly.,https://mathworksheetarchive.github.io/html/missing-number-math-worksheet-1073.html,https://mathworksheetarchive.github.io/images/missing-number-math-worksheet-1073.jpg,Printable Worksheets,04/03/2026 08:27:00 PM
Mixed Operations Math Worksheet,Printable Mixed Operations worksheet designed for Grade 3 students. Easy and fun math practice.,https://mathworksheetarchive.github.io/html/mixed-operations-math-worksheet-3846.html,https://mathworksheetarchive.github.io/images/mixed-operations-math-worksheet-3846.jpg,Printable Worksheets,04/04/2026 08:25:00 AM
Free 21 Multiplication Math Worksheet For Grade 2 With Answers - Part 92 | Printable Practice,Teachers and parents love this Multiplication worksheet for Grade 2. Download and print instantly.,https://mathworksheetarchive.github.io/html/free-21-multiplication-math-worksheet-for-grade-2-with-answers-part-92-3447.html,https://mathworksheetarchive.github.io/images/free-21-multiplication-math-worksheet-for-grade-2-with-answers-part-92-3447.jpg,Elementary Math Activities,04/04/2026 11:00:00 AM
Free 29 Subtraction Math Worksheet For Grade 2 With Answers - Part 93 | Printable Practice,Printable Subtraction worksheet designed for Grade 2 students. Easy and fun math practice.,https://mathworksheetarchive.github.io/html/free-29-subtraction-math-worksheet-for-grade-2-with-answers-part-93-5784.html,https://mathworksheetarchive.github.io/images/free-29-subtraction-math-worksheet-for-grade-2-with-answers-part-93-5784.jpg,Elementary Math Activities,04/04/2026 01:36:00 PM
Grade 3 Multiplication Table 10 Practice - Part 94 | Printable Practice,Free printable Times Table worksheet for Grade 3. Perfect for homeschool practice and classroom activities.,https://mathworksheetarchive.github.io/html/grade-3-multiplication-table-10-practice-part-94-2626.html,https://mathworksheetarchive.github.io/images/grade-3-multiplication-table-10-practice-part-94-2626.jpg,Printable Worksheets,04/04/2026 04:33:00 PM
Printable Tracing Worksheet For Kids - Part 95 | Free Printable,Teachers and parents love this Tracing worksheet for Kindergarten. Download and print instantly.,https://mathworksheetarchive.github.io/html/printable-tracing-worksheet-for-kids-part-95-1609.html,https://mathworksheetarchive.github.io/images/printable-tracing-worksheet-for-kids-part-95-1609.jpg,Printable Worksheets,04/04/2026 08:27:00 PM
Math Word Problem Worksheet,Help kids master Word Problem with this printable worksheet for Grade 3. Great for daily math practice.,https://mathworksheetarchive.github.io/html/math-word-problem-worksheet-2510.html,https://mathworksheetarchive.github.io/images/math-word-problem-worksheet-2510.jpg,Homeschool Math,04/05/2026 08:32:00 AM
Grade 3 Addition Practice Worksheet (25 Problems) - Part 97 | Printable Practice,Free printable Addition worksheet for Grade 3. Perfect for homeschool practice and classroom activities.,https://mathworksheetarchive.github.io/html/grade-3-addition-practice-worksheet-25-problems-part-97-2717.html,https://mathworksheetarchive.github.io/images/grade-3-addition-practice-worksheet-25-problems-part-97-2717.jpg,Printable Worksheets,04/05/2026 11:07:00 AM
Fun Count and Color Objects Worksheet for Preschool,Teachers and parents love this Count and Color worksheet for Preschool. Download and print instantly.,https://mathworksheetarchive.github.io/html/fun-count-and-color-objects-worksheet-for-preschool-8700.html,https://mathworksheetarchive.github.io/images/fun-count-and-color-objects-worksheet-for-preschool-8700.jpg,Math Practice Printables,04/05/2026 01:27:00 PM
Learn Counting With Pictures Worksheet (Kindergarten) - Part 99 | Printable Practice,Printable Counting Objects worksheet designed for Kindergarten students. Easy and fun math practice.,https://mathworksheetarchive.github.io/html/learn-counting-with-pictures-worksheet-kindergarten-part-99-7670.html,https://mathworksheetarchive.github.io/images/learn-counting-with-pictures-worksheet-kindergarten-part-99-7670.jpg,Elementary Math Activities,04/05/2026 04:36:00 PM
Printable Free 14 Division Math Worksheet For Grade 2 - Part 100 | Printable Practice,Teachers and parents love this Division worksheet for Grade 2. Download and print instantly.,https://mathworksheetarchive.github.io/html/printable-free-14-division-math-worksheet-for-grade-2-part-100-8719.html,https://mathworksheetarchive.github.io/images/printable-free-14-division-math-worksheet-for-grade-2-part-100-8719.jpg,Elementary Math Activities,04/05/2026 08:22:00 PM
4 Math Knowledge Test Test Worksheet,Fun and engaging Math worksheet for Math. Perfect printable math practice.,https://mathworksheetarchive.github.io/html/4-math-knowledge-test-test-worksheet-6654.html,https://mathworksheetarchive.github.io/images/4-math-knowledge-test-test-worksheet-6654.jpg,Math Practice Printables,04/06/2026 08:25:00 AM
Missing Number Math Worksheet,Printable Missing Number worksheet designed for Grade 1 students. Easy and fun math practice.,https://mathworksheetarchive.github.io/html/missing-number-math-worksheet-8970.html,https://mathworksheetarchive.github.io/images/missing-number-math-worksheet-8970.jpg,Math Practice Printables,04/06/2026 11:02:00 AM
Mixed Operations Math Worksheet,Fun and engaging Mixed Operations worksheet for Grade 3. Perfect printable math practice.,https://mathworksheetarchive.github.io/html/mixed-operations-math-worksheet-9890.html,https://mathworksheetarchive.github.io/images/mixed-operations-math-worksheet-9890.jpg,Homeschool Math,04/06/2026 01:26:00 PM
Free 14 Multiplication Math Worksheet For Grade 2 - Part 104 | Printable Practice,Help kids master Multiplication with this printable worksheet for Grade 2. Great for daily math practice.,https://mathworksheetarchive.github.io/html/free-14-multiplication-math-worksheet-for-grade-2-part-104-3313.html,https://mathworksheetarchive.github.io/images/free-14-multiplication-math-worksheet-for-grade-2-part-104-3313.jpg,Homeschool Math,04/06/2026 04:23:00 PM
Grade 5 Subtraction Practice Worksheet (26 Problems) - Part 105 | Printable Practice,Printable Subtraction worksheet designed for Grade 5 students. Easy and fun math practice.,https://mathworksheetarchive.github.io/html/grade-5-subtraction-practice-worksheet-26-problems-part-105-5551.html,https://mathworksheetarchive.github.io/images/grade-5-subtraction-practice-worksheet-26-problems-part-105-5551.jpg,Homeschool Math,04/06/2026 08:31:00 PM
Printable 5 Times Table Worksheet For Grade 2 - Part 106 | Printable Practice,Fun and engaging Times Table worksheet for Grade 2. Perfect printable math practice.,https://mathworksheetarchive.github.io/html/printable-5-times-table-worksheet-for-grade-2-part-106-8765.html,https://mathworksheetarchive.github.io/images/printable-5-times-table-worksheet-for-grade-2-part-106-8765.jpg,Math Practice Printables,04/07/2026 08:32:00 AM
Printable Tracing Worksheet For Kids - Part 107 | Free Printable,Teachers and parents love this Tracing worksheet for Preschool. Download and print instantly.,https://mathworksheetarchive.github.io/html/printable-tracing-worksheet-for-kids-part-107-3737.html,https://mathworksheetarchive.github.io/images/printable-tracing-worksheet-for-kids-part-107-3737.jpg,Elementary Math Activities,04/07/2026 11:07:00 AM
Math Word Problem Worksheet,Help kids master Word Problem with this printable worksheet for Grade 3. Great for daily math practice.,https://mathworksheetarchive.github.io/html/math-word-problem-worksheet-8393.html,https://mathworksheetarchive.github.io/images/math-word-problem-worksheet-8393.jpg,Homeschool Math,04/07/2026 01:33:00 PM
Grade 1 Addition Practice Worksheet (22 Problems) - Part 109 | Printable Practice,Free printable Addition worksheet for Grade 1. Perfect for homeschool practice and classroom activities.,https://mathworksheetarchive.github.io/html/grade-1-addition-practice-worksheet-22-problems-part-109-3689.html,https://mathworksheetarchive.github.io/images/grade-1-addition-practice-worksheet-22-problems-part-109-3689.jpg,Printable Worksheets,04/07/2026 04:32:00 PM
Printable Count and Color Worksheet for Kindergarten Kids,Fun and engaging Count and Color worksheet for Kindergarten. Perfect printable math practice.,https://mathworksheetarchive.github.io/html/printable-count-and-color-worksheet-for-kindergarten-kids-1671.html,https://mathworksheetarchive.github.io/images/printable-count-and-color-worksheet-for-kindergarten-kids-1671.jpg,Math Practice Printables,04/07/2026 08:27:00 PM
Learn Counting With Pictures Worksheet (Kindergarten) - Part 111 | Printable Practice,Help kids master Counting Objects with this printable worksheet for Kindergarten. Great for daily math practice.,https://mathworksheetarchive.github.io/html/learn-counting-with-pictures-worksheet-kindergarten-part-111-7689.html,https://mathworksheetarchive.github.io/images/learn-counting-with-pictures-worksheet-kindergarten-part-111-7689.jpg,Elementary Math Activities,04/08/2026 08:36:00 AM
Printable Free 17 Division Math Worksheet For Grade 1 - Part 112 | Printable Practice,Help kids master Division with this printable worksheet for Grade 1. Great for daily math practice.,https://mathworksheetarchive.github.io/html/printable-free-17-division-math-worksheet-for-grade-1-part-112-7779.html,https://mathworksheetarchive.github.io/images/printable-free-17-division-math-worksheet-for-grade-1-part-112-7779.jpg,Math Practice Printables,04/08/2026 11:01:00 AM
General Knowledge Mathematics Problem Set Test Worksheet for Practice,Help kids master Math with this printable worksheet for Math. Great for daily math practice.,https://mathworksheetarchive.github.io/html/general-knowledge-mathematics-problem-set-test-worksheet-for-practice-3316.html,https://mathworksheetarchive.github.io/images/general-knowledge-mathematics-problem-set-test-worksheet-for-practice-3316.jpg,Kids Math Worksheets,04/08/2026 01:28:00 PM
Missing Number Math Worksheet,Fun and engaging Missing Number worksheet for Grade 1. Perfect printable math practice.,https://mathworksheetarchive.github.io/html/missing-number-math-worksheet-2241.html,https://mathworksheetarchive.github.io/images/missing-number-math-worksheet-2241.jpg,Kids Math Worksheets,04/08/2026 04:33:00 PM
Mixed Operations Math Worksheet,Free printable Mixed Operations worksheet for Grade 3. Perfect for homeschool practice and classroom activities.,https://mathworksheetarchive.github.io/html/mixed-operations-math-worksheet-1169.html,https://mathworksheetarchive.github.io/images/mixed-operations-math-worksheet-1169.jpg,Printable Worksheets,04/08/2026 08:29:00 PM
Grade 2 Multiplication Practice Worksheet (14 Problems) - Part 116 | Printable Practice,Help kids master Multiplication with this printable worksheet for Grade 2. Great for daily math practice.,https://mathworksheetarchive.github.io/html/grade-2-multiplication-practice-worksheet-14-problems-part-116-7197.html,https://mathworksheetarchive.github.io/images/grade-2-multiplication-practice-worksheet-14-problems-part-116-7197.jpg,Elementary Math Activities,04/09/2026 08:37:00 AM
Grade 5 Subtraction Practice Worksheet (30 Problems) - Part 117 | Printable Practice,Printable Subtraction worksheet designed for Grade 5 students. Easy and fun math practice.,https://mathworksheetarchive.github.io/html/grade-5-subtraction-practice-worksheet-30-problems-part-117-1729.html,https://mathworksheetarchive.github.io/images/grade-5-subtraction-practice-worksheet-30-problems-part-117-1729.jpg,Kids Math Worksheets,04/09/2026 11:06:00 AM
8 Times Table Worksheet For Grade 3 With Answers - Part 118 | Printable Practice,Help kids master Times Table with this printable worksheet for Grade 3. Great for daily math practice.,https://mathworksheetarchive.github.io/html/8-times-table-worksheet-for-grade-3-with-answers-part-118-2611.html,https://mathworksheetarchive.github.io/images/8-times-table-worksheet-for-grade-3-with-answers-part-118-2611.jpg,Homeschool Math,04/09/2026 01:27:00 PM
Printable Tracing Worksheet For Kids - Part 119 | Free Printable,Printable Tracing worksheet designed for Preschool students. Easy and fun math practice.,https://mathworksheetarchive.github.io/html/printable-tracing-worksheet-for-kids-part-119-7780.html,https://mathworksheetarchive.github.io/images/printable-tracing-worksheet-for-kids-part-119-7780.jpg,Homeschool Math,04/09/2026 04:36:00 PM
Math Word Problem Worksheet,Fun and engaging Word Problem worksheet for Grade 3. Perfect printable math practice.,https://mathworksheetarchive.github.io/html/math-word-problem-worksheet-2920.html,https://mathworksheetarchive.github.io/images/math-word-problem-worksheet-2920.jpg,Math Practice Printables,04/09/2026 08:28:00 PM
Free 26 Addition Math Worksheet For Grade 5 - Part 121 | Printable Practice,Fun and engaging Addition worksheet for Grade 5. Perfect printable math practice.,https://mathworksheetarchive.github.io/html/free-26-addition-math-worksheet-for-grade-5-part-121-4620.html,https://mathworksheetarchive.github.io/images/free-26-addition-math-worksheet-for-grade-5-part-121-4620.jpg,Elementary Math Activities,04/10/2026 08:35:00 AM
"Count and Color Square, Star, Flower Worksheet for Kids",Free printable Count and Color worksheet for Kindergarten. Perfect for homeschool practice and classroom activities.,https://mathworksheetarchive.github.io/html/count-and-color-square-star-flower-worksheet-for-kids-1914.html,https://mathworksheetarchive.github.io/images/count-and-color-square-star-flower-worksheet-for-kids-1914.jpg,Kids Math Worksheets,04/10/2026 11:00:00 AM
Free Counting Objects Worksheet For Kindergarten - Part 123 | Printable Practice,Free printable Counting Objects worksheet for Kindergarten. Perfect for homeschool practice and classroom activities.,https://mathworksheetarchive.github.io/html/free-counting-objects-worksheet-for-kindergarten-part-123-4490.html,https://mathworksheetarchive.github.io/images/free-counting-objects-worksheet-for-kindergarten-part-123-4490.jpg,Elementary Math Activities,04/10/2026 01:29:00 PM
Free 30 Division Math Worksheet For Grade 1 - Part 124 | Printable Practice,Printable Division worksheet designed for Grade 1 students. Easy and fun math practice.,https://mathworksheetarchive.github.io/html/free-30-division-math-worksheet-for-grade-1-part-124-2784.html,https://mathworksheetarchive.github.io/images/free-30-division-math-worksheet-for-grade-1-part-124-2784.jpg,Homeschool Math,04/10/2026 04:36:00 PM
7 Math Challenge Practice Worksheet,Printable Math worksheet designed for Math students. Easy and fun math practice.,https://mathworksheetarchive.github.io/html/7-math-challenge-practice-worksheet-3482.html,https://mathworksheetarchive.github.io/images/7-math-challenge-practice-worksheet-3482.jpg,Homeschool Math,04/10/2026 08:24:00 PM
Missing Number Math Worksheet,Printable Missing Number worksheet designed for Grade 1 students. Easy and fun math practice.,https://mathworksheetarchive.github.io/html/missing-number-math-worksheet-2830.html,https://mathworksheetarchive.github.io/images/missing-number-math-worksheet-2830.jpg,Kids Math Worksheets,04/11/2026 08:24:00 AM
Mixed Operations Math Worksheet,Help kids master Mixed Operations with this printable worksheet for Grade 3. Great for daily math practice.,https://mathworksheetarchive.github.io/html/mixed-operations-math-worksheet-3993.html,https://mathworksheetarchive.github.io/images/mixed-operations-math-worksheet-3993.jpg,Elementary Math Activities,04/11/2026 11:02:00 AM
Free 26 Multiplication Math Worksheet For Grade 2 - Part 128 | Printable Practice,Help kids master Multiplication with this printable worksheet for Grade 2. Great for daily math practice.,https://mathworksheetarchive.github.io/html/free-26-multiplication-math-worksheet-for-grade-2-part-128-3246.html,https://mathworksheetarchive.github.io/images/free-26-multiplication-math-worksheet-for-grade-2-part-128-3246.jpg,Elementary Math Activities,04/11/2026 01:26:00 PM
Free 20 Subtraction Math Worksheet For Grade 3 - Part 129 | Printable Practice,Printable Subtraction worksheet designed for Grade 3 students. Easy and fun math practice.,https://mathworksheetarchive.github.io/html/free-20-subtraction-math-worksheet-for-grade-3-part-129-3491.html,https://mathworksheetarchive.github.io/images/free-20-subtraction-math-worksheet-for-grade-3-part-129-3491.jpg,Elementary Math Activities,04/11/2026 04:23:00 PM
4 Times Table Worksheet For Grade 2 - Part 130 | Printable Practice,Fun and engaging Times Table worksheet for Grade 2. Perfect printable math practice.,https://mathworksheetarchive.github.io/html/4-times-table-worksheet-for-grade-2-part-130-4265.html,https://mathworksheetarchive.github.io/images/4-times-table-worksheet-for-grade-2-part-130-4265.jpg,Kids Math Worksheets,04/11/2026 08:31:00 PM
Printable Tracing Worksheet For Kids - Part 131 | Free Printable,Help kids master Tracing with this printable worksheet for Preschool. Great for daily math practice.,https://mathworksheetarchive.github.io/html/printable-tracing-worksheet-for-kids-part-131-9509.html,https://mathworksheetarchive.github.io/images/printable-tracing-worksheet-for-kids-part-131-9509.jpg,Printable Worksheets,04/12/2026 08:28:00 AM
Math Word Problem Worksheet,Printable Word Problem worksheet designed for Grade 3 students. Easy and fun math practice.,https://mathworksheetarchive.github.io/html/math-word-problem-worksheet-9593.html,https://mathworksheetarchive.github.io/images/math-word-problem-worksheet-9593.jpg,Math Practice Printables,04/12/2026 11:03:00 AM
Free 21 Addition Math Worksheet For Grade 3 With Answers - Part 133 | Printable Practice,Free printable Addition worksheet for Grade 3. Perfect for homeschool practice and classroom activities.,https://mathworksheetarchive.github.io/html/free-21-addition-math-worksheet-for-grade-3-with-answers-part-133-1814.html,https://mathworksheetarchive.github.io/images/free-21-addition-math-worksheet-for-grade-3-with-answers-part-133-1814.jpg,Printable Worksheets,04/12/2026 01:22:00 PM
Fun Count and Color Objects Worksheet for Kindergarten,Fun and engaging Count and Color worksheet for Kindergarten. Perfect printable math practice.,https://mathworksheetarchive.github.io/html/fun-count-and-color-objects-worksheet-for-kindergarten-9133.html,https://mathworksheetarchive.github.io/images/fun-count-and-color-objects-worksheet-for-kindergarten-9133.jpg,Elementary Math Activities,04/12/2026 04:32:00 PM
Learn Counting With Pictures Worksheet (Kindergarten) - Part 135 | Printable Practice,Fun and engaging Counting Objects worksheet for Kindergarten. Perfect printable math practice.,https://mathworksheetarchive.github.io/html/learn-counting-with-pictures-worksheet-kindergarten-part-135-7240.html,https://mathworksheetarchive.github.io/images/learn-counting-with-pictures-worksheet-kindergarten-part-135-7240.jpg,Kids Math Worksheets,04/12/2026 08:36:00 PM
Grade 2 Division Practice Worksheet (11 Problems) - Part 136 | Printable Practice,Free printable Division worksheet for Grade 2. Perfect for homeschool practice and classroom activities.,https://mathworksheetarchive.github.io/html/grade-2-division-practice-worksheet-11-problems-part-136-7923.html,https://mathworksheetarchive.github.io/images/grade-2-division-practice-worksheet-11-problems-part-136-7923.jpg,Homeschool Math,04/13/2026 08:37:00 AM
4 Math Trivia for Math Learners,Fun and engaging Math worksheet for Math. Perfect printable math practice.,https://mathworksheetarchive.github.io/html/4-math-trivia-for-math-learners-6069.html,https://mathworksheetarchive.github.io/images/4-math-trivia-for-math-learners-6069.jpg,Homeschool Math,04/13/2026 11:00:00 AM
Missing Number Math Worksheet,Free printable Missing Number worksheet for Grade 1. Perfect for homeschool practice and classroom activities.,https://mathworksheetarchive.github.io/html/missing-number-math-worksheet-1434.html,https://mathworksheetarchive.github.io/images/missing-number-math-worksheet-1434.jpg,Elementary Math Activities,04/13/2026 01:24:00 PM
Mixed Operations Math Worksheet,Fun and engaging Mixed Operations worksheet for Grade 3. Perfect printable math practice.,https://mathworksheetarchive.github.io/html/mixed-operations-math-worksheet-6930.html,https://mathworksheetarchive.github.io/images/mixed-operations-math-worksheet-6930.jpg,Elementary Math Activities,04/13/2026 04:33:00 PM
Free 21 Multiplication Math Worksheet For Grade 1 With Answers - Part 140 | Printable Practice,Free printable Multiplication worksheet for Grade 1. Perfect for homeschool practice and classroom activities.,https://mathworksheetarchive.github.io/html/free-21-multiplication-math-worksheet-for-grade-1-with-answers-part-140-7111.html,https://mathworksheetarchive.github.io/images/free-21-multiplication-math-worksheet-for-grade-1-with-answers-part-140-7111.jpg,Elementary Math Activities,04/13/2026 08:27:00 PM
Free 14 Subtraction Math Worksheet For Grade 3 With Answers - Part 141 | Printable Practice,Teachers and parents love this Subtraction worksheet for Grade 3. Download and print instantly.,https://mathworksheetarchive.github.io/html/free-14-subtraction-math-worksheet-for-grade-3-with-answers-part-141-6323.html,https://mathworksheetarchive.github.io/images/free-14-subtraction-math-worksheet-for-grade-3-with-answers-part-141-6323.jpg,Kids Math Worksheets,04/14/2026 08:24:00 AM
9 Times Table Worksheet For Grade 3 With Answers - Part 142 | Printable Practice,Help kids master Times Table with this printable worksheet for Grade 3. Great for daily math practice.,https://mathworksheetarchive.github.io/html/9-times-table-worksheet-for-grade-3-with-answers-part-142-9191.html,https://mathworksheetarchive.github.io/images/9-times-table-worksheet-for-grade-3-with-answers-part-142-9191.jpg,Printable Worksheets,04/14/2026 11:00:00 AM
Printable Tracing Worksheet For Kids - Part 143 | Free Printable,Free printable Tracing worksheet for Kindergarten. Perfect for homeschool practice and classroom activities.,https://mathworksheetarchive.github.io/html/printable-tracing-worksheet-for-kids-part-143-2505.html,https://mathworksheetarchive.github.io/images/printable-tracing-worksheet-for-kids-part-143-2505.jpg,Printable Worksheets,04/14/2026 01:26:00 PM
Math Word Problem Worksheet,Help kids master Word Problem with this printable worksheet for Grade 3. Great for daily math practice.,https://mathworksheetarchive.github.io/html/math-word-problem-worksheet-7399.html,https://mathworksheetarchive.github.io/images/math-word-problem-worksheet-7399.jpg,Printable Worksheets,04/14/2026 04:23:00 PM
Grade 1 Addition Practice Worksheet (27 Problems) - Part 145 | Printable Practice,Help kids master Addition with this printable worksheet for Grade 1. Great for daily math practice.,https://mathworksheetarchive.github.io/html/grade-1-addition-practice-worksheet-27-problems-part-145-3414.html,https://mathworksheetarchive.github.io/images/grade-1-addition-practice-worksheet-27-problems-part-145-3414.jpg,Homeschool Math,04/14/2026 08:29:00 PM
"Count and Color Flower, Flower, Triangle Worksheet for Kids",Teachers and parents love this Count and Color worksheet for Preschool. Download and print instantly.,https://mathworksheetarchive.github.io/html/count-and-color-flower-flower-triangle-worksheet-for-kids-7582.html,https://mathworksheetarchive.github.io/images/count-and-color-flower-flower-triangle-worksheet-for-kids-7582.jpg,Printable Worksheets,04/15/2026 08:24:00 AM
Free Counting Objects Worksheet For Kindergarten Printable - Part 147 | Printable Practice,Free printable Counting Objects worksheet for Kindergarten. Perfect for homeschool practice and classroom activities.,https://mathworksheetarchive.github.io/html/free-counting-objects-worksheet-for-kindergarten-printable-part-147-4321.html,https://mathworksheetarchive.github.io/images/free-counting-objects-worksheet-for-kindergarten-printable-part-147-4321.jpg,Elementary Math Activities,04/15/2026 11:01:00 AM
Free 25 Division Math Worksheet For Grade 2 - Part 148 | Printable Practice,Fun and engaging Division worksheet for Grade 2. Perfect printable math practice.,https://mathworksheetarchive.github.io/html/free-25-division-math-worksheet-for-grade-2-part-148-4308.html,https://mathworksheetarchive.github.io/images/free-25-division-math-worksheet-for-grade-2-part-148-4308.jpg,Homeschool Math,04/15/2026 01:32:00 PM
Challenging Mathematics Practice Quiz Worksheet for Math Learners,Printable Math worksheet designed for Math students. Easy and fun math practice.,https://mathworksheetarchive.github.io/html/challenging-mathematics-practice-quiz-worksheet-for-math-learners-1775.html,https://mathworksheetarchive.github.io/images/challenging-mathematics-practice-quiz-worksheet-for-math-learners-1775.jpg,Printable Worksheets,04/15/2026 04:31:00 PM
Missing Number Math Worksheet,Teachers and parents love this Missing Number worksheet for Grade 1. Download and print instantly.,https://mathworksheetarchive.github.io/html/missing-number-math-worksheet-4743.html,https://mathworksheetarchive.github.io/images/missing-number-math-worksheet-4743.jpg,Elementary Math Activities,04/15/2026 08:31:00 PM
Mixed Operations Math Worksheet,Teachers and parents love this Mixed Operations worksheet for Grade 3. Download and print instantly.,https://mathworksheetarchive.github.io/html/mixed-operations-math-worksheet-7838.html,https://mathworksheetarchive.github.io/images/mixed-operations-math-worksheet-7838.jpg,Math Practice Printables,04/16/2026 08:38:00 AM
Printable Free 29 Multiplication Math Worksheet For Grade 1 - Part 152 | Printable Practice,Help kids master Multiplication with this printable worksheet for Grade 1. Great for daily math practice.,https://mathworksheetarchive.github.io/html/printable-free-29-multiplication-math-worksheet-for-grade-1-part-152-3828.html,https://mathworksheetarchive.github.io/images/printable-free-29-multiplication-math-worksheet-for-grade-1-part-152-3828.jpg,Elementary Math Activities,04/16/2026 11:07:00 AM
Printable Free 11 Subtraction Math Worksheet For Grade 2 - Part 153 | Printable Practice,Free printable Subtraction worksheet for Grade 2. Perfect for homeschool practice and classroom activities.,https://mathworksheetarchive.github.io/html/printable-free-11-subtraction-math-worksheet-for-grade-2-part-153-9064.html,https://mathworksheetarchive.github.io/images/printable-free-11-subtraction-math-worksheet-for-grade-2-part-153-9064.jpg,Printable Worksheets,04/16/2026 01:31:00 PM
Printable 3 Times Table Worksheet For Grade 2 - Part 154 | Printable Practice,Help kids master Times Table with this printable worksheet for Grade 2. Great for daily math practice.,https://mathworksheetarchive.github.io/html/printable-3-times-table-worksheet-for-grade-2-part-154-7515.html,https://mathworksheetarchive.github.io/images/printable-3-times-table-worksheet-for-grade-2-part-154-7515.jpg,Elementary Math Activities,04/16/2026 04:28:00 PM
Printable Tracing Worksheet For Kids - Part 155 | Free Printable,Fun and engaging Tracing worksheet for Preschool. Perfect printable math practice.,https://mathworksheetarchive.github.io/html/printable-tracing-worksheet-for-kids-part-155-9377.html,https://mathworksheetarchive.github.io/images/printable-tracing-worksheet-for-kids-part-155-9377.jpg,Elementary Math Activities,04/16/2026 08:35:00 PM
Math Word Problem Worksheet,Fun and engaging Word Problem worksheet for Grade 3. Perfect printable math practice.,https://mathworksheetarchive.github.io/html/math-word-problem-worksheet-2916.html,https://mathworksheetarchive.github.io/images/math-word-problem-worksheet-2916.jpg,Elementary Math Activities,04/17/2026 08:38:00 AM
Free 20 Addition Math Worksheet For Grade 5 - Part 157 | Printable Practice,Teachers and parents love this Addition worksheet for Grade 5. Download and print instantly.,https://mathworksheetarchive.github.io/html/free-20-addition-math-worksheet-for-grade-5-part-157-6622.html,https://mathworksheetarchive.github.io/images/free-20-addition-math-worksheet-for-grade-5-part-157-6622.jpg,Kids Math Worksheets,04/17/2026 11:07:00 AM
"Count and Color Star, Car, Triangle Worksheet for Kids",Teachers and parents love this Count and Color worksheet for Grade 1. Download and print instantly.,https://mathworksheetarchive.github.io/html/count-and-color-star-car-triangle-worksheet-for-kids-7108.html,https://mathworksheetarchive.github.io/images/count-and-color-star-car-triangle-worksheet-for-kids-7108.jpg,Kids Math Worksheets,04/17/2026 01:37:00 PM
Free Counting Objects Worksheet For Kindergarten Printable - Part 159 | Printable Practice,Fun and engaging Counting Objects worksheet for Kindergarten. Perfect printable math practice.,https://mathworksheetarchive.github.io/html/free-counting-objects-worksheet-for-kindergarten-printable-part-159-5421.html,https://mathworksheetarchive.github.io/images/free-counting-objects-worksheet-for-kindergarten-printable-part-159-5421.jpg,Printable Worksheets,04/17/2026 04:33:00 PM
Free 10 Division Math Worksheet For Grade 1 - Part 160 | Printable Practice,Free printable Division worksheet for Grade 1. Perfect for homeschool practice and classroom activities.,https://mathworksheetarchive.github.io/html/free-10-division-math-worksheet-for-grade-1-part-160-5599.html,https://mathworksheetarchive.github.io/images/free-10-division-math-worksheet-for-grade-1-part-160-5599.jpg,Printable Worksheets,04/17/2026 08:30:00 PM
4 Math Skill Test Practice Worksheet for High School Students,Printable Math worksheet designed for Math students. Easy and fun math practice.,https://mathworksheetarchive.github.io/html/4-math-skill-test-practice-worksheet-for-high-school-students-1466.html,https://mathworksheetarchive.github.io/images/4-math-skill-test-practice-worksheet-for-high-school-students-1466.jpg,Math Practice Printables,04/18/2026 08:35:00 AM
Missing Number Math Worksheet,Help kids master Missing Number with this printable worksheet for Grade 1. Great for daily math practice.,https://mathworksheetarchive.github.io/html/missing-number-math-worksheet-1867.html,https://mathworksheetarchive.github.io/images/missing-number-math-worksheet-1867.jpg,Elementary Math Activities,04/18/2026 11:08:00 AM
Mixed Operations Math Worksheet,Printable Mixed Operations worksheet designed for Grade 3 students. Easy and fun math practice.,https://mathworksheetarchive.github.io/html/mixed-operations-math-worksheet-2782.html,https://mathworksheetarchive.github.io/images/mixed-operations-math-worksheet-2782.jpg,Printable Worksheets,04/18/2026 01:37:00 PM
Grade 2 Multiplication Practice Worksheet (17 Problems) - Part 164 | Printable Practice,Printable Multiplication worksheet designed for Grade 2 students. Easy and fun math practice.,https://mathworksheetarchive.github.io/html/grade-2-multiplication-practice-worksheet-17-problems-part-164-5837.html,https://mathworksheetarchive.github.io/images/grade-2-multiplication-practice-worksheet-17-problems-part-164-5837.jpg,Printable Worksheets,04/18/2026 04:25:00 PM
Printable Free 19 Subtraction Math Worksheet For Grade 5 - Part 165 | Printable Practice,Fun and engaging Subtraction worksheet for Grade 5. Perfect printable math practice.,https://mathworksheetarchive.github.io/html/printable-free-19-subtraction-math-worksheet-for-grade-5-part-165-1240.html,https://mathworksheetarchive.github.io/images/printable-free-19-subtraction-math-worksheet-for-grade-5-part-165-1240.jpg,Printable Worksheets,04/18/2026 08:28:00 PM
Printable 8 Times Table Worksheet For Grade 3 - Part 166 | Printable Practice,Teachers and parents love this Times Table worksheet for Grade 3. Download and print instantly.,https://mathworksheetarchive.github.io/html/printable-8-times-table-worksheet-for-grade-3-part-166-9059.html,https://mathworksheetarchive.github.io/images/printable-8-times-table-worksheet-for-grade-3-part-166-9059.jpg,Homeschool Math,04/19/2026 08:33:00 AM
Printable Tracing Worksheet For Kids - Part 167 | Free Printable,Teachers and parents love this Tracing worksheet for Kindergarten. Download and print instantly.,https://mathworksheetarchive.github.io/html/printable-tracing-worksheet-for-kids-part-167-9576.html,https://mathworksheetarchive.github.io/images/printable-tracing-worksheet-for-kids-part-167-9576.jpg,Homeschool Math,04/19/2026 11:00:00 AM
Math Word Problem Worksheet,Teachers and parents love this Word Problem worksheet for Grade 3. Download and print instantly.,https://mathworksheetarchive.github.io/html/math-word-problem-worksheet-3324.html,https://mathworksheetarchive.github.io/images/math-word-problem-worksheet-3324.jpg,Elementary Math Activities,04/19/2026 01:29:00 PM
Grade 5 Addition Practice Worksheet (11 Problems) - Part 169 | Printable Practice,Teachers and parents love this Addition worksheet for Grade 5. Download and print instantly.,https://mathworksheetarchive.github.io/html/grade-5-addition-practice-worksheet-11-problems-part-169-7972.html,https://mathworksheetarchive.github.io/images/grade-5-addition-practice-worksheet-11-problems-part-169-7972.jpg,Homeschool Math,04/19/2026 04:35:00 PM
Free Kindergarten Count and Color Worksheet,Help kids master Count and Color with this printable worksheet for Kindergarten. Great for daily math practice.,https://mathworksheetarchive.github.io/html/free-kindergarten-count-and-color-worksheet-4122.html,https://mathworksheetarchive.github.io/images/free-kindergarten-count-and-color-worksheet-4122.jpg,Elementary Math Activities,04/19/2026 08:33:00 PM
Free Counting Objects Worksheet For Kindergarten Printable - Part 171 | Printable Practice,Fun and engaging Counting Objects worksheet for Kindergarten. Perfect printable math practice.,https://mathworksheetarchive.github.io/html/free-counting-objects-worksheet-for-kindergarten-printable-part-171-2579.html,https://mathworksheetarchive.github.io/images/free-counting-objects-worksheet-for-kindergarten-printable-part-171-2579.jpg,Math Practice Printables,04/20/2026 08:25:00 AM
Free 13 Division Math Worksheet For Grade 2 - Part 172 | Printable Practice,Fun and engaging Division worksheet for Grade 2. Perfect printable math practice.,https://mathworksheetarchive.github.io/html/free-13-division-math-worksheet-for-grade-2-part-172-8575.html,https://mathworksheetarchive.github.io/images/free-13-division-math-worksheet-for-grade-2-part-172-8575.jpg,Homeschool Math,04/20/2026 11:00:00 AM
4 Mathematics Quiz Worksheet,Printable Math worksheet designed for Math students. Easy and fun math practice.,https://mathworksheetarchive.github.io/html/4-mathematics-quiz-worksheet-2039.html,https://mathworksheetarchive.github.io/images/4-mathematics-quiz-worksheet-2039.jpg,Math Practice Printables,04/20/2026 01:31:00 PM
Missing Number Math Worksheet,Teachers and parents love this Missing Number worksheet for Grade 1. Download and print instantly.,https://mathworksheetarchive.github.io/html/missing-number-math-worksheet-1942.html,https://mathworksheetarchive.github.io/images/missing-number-math-worksheet-1942.jpg,Math Practice Printables,04/20/2026 04:33:00 PM
Mixed Operations Math Worksheet,Printable Mixed Operations worksheet designed for Grade 3 students. Easy and fun math practice.,https://mathworksheetarchive.github.io/html/mixed-operations-math-worksheet-1537.html,https://mathworksheetarchive.github.io/images/mixed-operations-math-worksheet-1537.jpg,Elementary Math Activities,04/20/2026 08:30:00 PM
Free 24 Multiplication Math Worksheet For Grade 2 With Answers - Part 176 | Printable Practice,Fun and engaging Multiplication worksheet for Grade 2. Perfect printable math practice.,https://mathworksheetarchive.github.io/html/free-24-multiplication-math-worksheet-for-grade-2-with-answers-part-176-5580.html,https://mathworksheetarchive.github.io/images/free-24-multiplication-math-worksheet-for-grade-2-with-answers-part-176-5580.jpg,Homeschool Math,04/21/2026 08:25:00 AM
Grade 3 Subtraction Practice Worksheet (22 Problems) - Part 177 | Printable Practice,Teachers and parents love this Subtraction worksheet for Grade 3. Download and print instantly.,https://mathworksheetarchive.github.io/html/grade-3-subtraction-practice-worksheet-22-problems-part-177-6821.html,https://mathworksheetarchive.github.io/images/grade-3-subtraction-practice-worksheet-22-problems-part-177-6821.jpg,Math Practice Printables,04/21/2026 11:00:00 AM
7 Times Table Worksheet For Grade 3 With Answers - Part 178 | Printable Practice,Teachers and parents love this Times Table worksheet for Grade 3. Download and print instantly.,https://mathworksheetarchive.github.io/html/7-times-table-worksheet-for-grade-3-with-answers-part-178-2631.html,https://mathworksheetarchive.github.io/images/7-times-table-worksheet-for-grade-3-with-answers-part-178-2631.jpg,Math Practice Printables,04/21/2026 01:36:00 PM
Printable Tracing Worksheet For Kids - Part 179 | Free Printable,Help kids master Tracing with this printable worksheet for Preschool. Great for daily math practice.,https://mathworksheetarchive.github.io/html/printable-tracing-worksheet-for-kids-part-179-2716.html,https://mathworksheetarchive.github.io/images/printable-tracing-worksheet-for-kids-part-179-2716.jpg,Math Practice Printables,04/21/2026 04:25:00 PM
Math Word Problem Worksheet,Printable Word Problem worksheet designed for Grade 3 students. Easy and fun math practice.,https://mathworksheetarchive.github.io/html/math-word-problem-worksheet-8616.html,https://mathworksheetarchive.github.io/images/math-word-problem-worksheet-8616.jpg,Printable Worksheets,04/21/2026 08:31:00 PM
Free 28 Addition Math Worksheet For Grade 5 - Part 181 | Printable Practice,Teachers and parents love this Addition worksheet for Grade 5. Download and print instantly.,https://mathworksheetarchive.github.io/html/free-28-addition-math-worksheet-for-grade-5-part-181-2465.html,https://mathworksheetarchive.github.io/images/free-28-addition-math-worksheet-for-grade-5-part-181-2465.jpg,Printable Worksheets,04/22/2026 08:31:00 AM
Fun Count and Color Objects Worksheet for Preschool,Printable Count and Color worksheet designed for Preschool students. Easy and fun math practice.,https://mathworksheetarchive.github.io/html/fun-count-and-color-objects-worksheet-for-preschool-2008.html,https://mathworksheetarchive.github.io/images/fun-count-and-color-objects-worksheet-for-preschool-2008.jpg,Homeschool Math,04/22/2026 11:05:00 AM
Free Counting Objects Worksheet For Kindergarten Printable - Part 183 | Printable Practice,Teachers and parents love this Counting Objects worksheet for Kindergarten. Download and print instantly.,https://mathworksheetarchive.github.io/html/free-counting-objects-worksheet-for-kindergarten-printable-part-183-8509.html,https://mathworksheetarchive.github.io/images/free-counting-objects-worksheet-for-kindergarten-printable-part-183-8509.jpg,Kids Math Worksheets,04/22/2026 01:35:00 PM
Grade 1 Division Practice Worksheet (21 Problems) - Part 184 | Printable Practice,Printable Division worksheet designed for Grade 1 students. Easy and fun math practice.,https://mathworksheetarchive.github.io/html/grade-1-division-practice-worksheet-21-problems-part-184-7489.html,https://mathworksheetarchive.github.io/images/grade-1-division-practice-worksheet-21-problems-part-184-7489.jpg,Kids Math Worksheets,04/22/2026 04:30:00 PM
Daily General Math Quiz Worksheet (7 Questions),Fun and engaging Math worksheet for Math. Perfect printable math practice.,https://mathworksheetarchive.github.io/html/daily-general-math-quiz-worksheet-7-questions-4887.html,https://mathworksheetarchive.github.io/images/daily-general-math-quiz-worksheet-7-questions-4887.jpg,Printable Worksheets,04/22/2026 08:29:00 PM
Missing Number Math Worksheet,Printable Missing Number worksheet designed for Grade 1 students. Easy and fun math practice.,https://mathworksheetarchive.github.io/html/missing-number-math-worksheet-5152.html,https://mathworksheetarchive.github.io/images/missing-number-math-worksheet-5152.jpg,Kids Math Worksheets,04/23/2026 08:30:00 AM
Mixed Operations Math Worksheet,Printable Mixed Operations worksheet designed for Grade 3 students. Easy and fun math practice.,https://mathworksheetarchive.github.io/html/mixed-operations-math-worksheet-8640.html,https://mathworksheetarchive.github.io/images/mixed-operations-math-worksheet-8640.jpg,Homeschool Math,04/23/2026 11:00:00 AM
Grade 2 Multiplication Practice Worksheet (12 Problems) - Part 188 | Printable Practice,Help kids master Multiplication with this printable worksheet for Grade 2. Great for daily math practice.,https://mathworksheetarchive.github.io/html/grade-2-multiplication-practice-worksheet-12-problems-part-188-3385.html,https://mathworksheetarchive.github.io/images/grade-2-multiplication-practice-worksheet-12-problems-part-188-3385.jpg,Homeschool Math,04/23/2026 01:32:00 PM
Printable Free 14 Subtraction Math Worksheet For Grade 3 - Part 189 | Printable Practice,Fun and engaging Subtraction worksheet for Grade 3. Perfect printable math practice.,https://mathworksheetarchive.github.io/html/printable-free-14-subtraction-math-worksheet-for-grade-3-part-189-1848.html,https://mathworksheetarchive.github.io/images/printable-free-14-subtraction-math-worksheet-for-grade-3-part-189-1848.jpg,Math Practice Printables,04/23/2026 04:29:00 PM
Printable 12 Times Table Worksheet For Grade 4 - Part 190 | Printable Practice,Printable Times Table worksheet designed for Grade 4 students. Easy and fun math practice.,https://mathworksheetarchive.github.io/html/printable-12-times-table-worksheet-for-grade-4-part-190-3621.html,https://mathworksheetarchive.github.io/images/printable-12-times-table-worksheet-for-grade-4-part-190-3621.jpg,Printable Worksheets,04/23/2026 08:26:00 PM
Printable Tracing Worksheet For Kids - Part 191 | Free Printable,Teachers and parents love this Tracing worksheet for Kindergarten. Download and print instantly.,https://mathworksheetarchive.github.io/html/printable-tracing-worksheet-for-kids-part-191-4009.html,https://mathworksheetarchive.github.io/images/printable-tracing-worksheet-for-kids-part-191-4009.jpg,Math Practice Printables,04/24/2026 08:30:00 AM
Math Word Problem Worksheet,Help kids master Word Problem with this printable worksheet for Grade 3. Great for daily math practice.,https://mathworksheetarchive.github.io/html/math-word-problem-worksheet-9962.html,https://mathworksheetarchive.github.io/images/math-word-problem-worksheet-9962.jpg,Elementary Math Activities,04/24/2026 11:00:00 AM
Grade 3 Addition Practice Worksheet (27 Problems) - Part 193 | Printable Practice,Fun and engaging Addition worksheet for Grade 3. Perfect printable math practice.,https://mathworksheetarchive.github.io/html/grade-3-addition-practice-worksheet-27-problems-part-193-3475.html,https://mathworksheetarchive.github.io/images/grade-3-addition-practice-worksheet-27-problems-part-193-3475.jpg,Printable Worksheets,04/24/2026 01:36:00 PM
"Count and Color Circle, Apple, Apple Worksheet for Kids",Teachers and parents love this Count and Color worksheet for Kindergarten. Download and print instantly.,https://mathworksheetarchive.github.io/html/count-and-color-circle-apple-apple-worksheet-for-kids-3901.html,https://mathworksheetarchive.github.io/images/count-and-color-circle-apple-apple-worksheet-for-kids-3901.jpg,Kids Math Worksheets,04/24/2026 04:35:00 PM
Learn Counting With Pictures Worksheet (Kindergarten) - Part 195 | Printable Practice,Help kids master Counting Objects with this printable worksheet for Kindergarten. Great for daily math practice.,https://mathworksheetarchive.github.io/html/learn-counting-with-pictures-worksheet-kindergarten-part-195-6875.html,https://mathworksheetarchive.github.io/images/learn-counting-with-pictures-worksheet-kindergarten-part-195-6875.jpg,Homeschool Math,04/24/2026 08:31:00 PM
Printable Free 15 Division Math Worksheet For Grade 1 - Part 196 | Printable Practice,Teachers and parents love this Division worksheet for Grade 1. Download and print instantly.,https://mathworksheetarchive.github.io/html/printable-free-15-division-math-worksheet-for-grade-1-part-196-3689.html,https://mathworksheetarchive.github.io/images/printable-free-15-division-math-worksheet-for-grade-1-part-196-3689.jpg,Kids Math Worksheets,04/25/2026 08:28:00 AM
4 Math Questions Practice Worksheet,Help kids master Math with this printable worksheet for Math. Great for daily math practice.,https://mathworksheetarchive.github.io/html/4-math-questions-practice-worksheet-1232.html,https://mathworksheetarchive.github.io/images/4-math-questions-practice-worksheet-1232.jpg,Printable Worksheets,04/25/2026 11:03:00 AM
Missing Number Math Worksheet,Fun and engaging Missing Number worksheet for Grade 1. Perfect printable math practice.,https://mathworksheetarchive.github.io/html/missing-number-math-worksheet-6089.html,https://mathworksheetarchive.github.io/images/missing-number-math-worksheet-6089.jpg,Math Practice Printables,04/25/2026 01:30:00 PM
Mixed Operations Math Worksheet,Printable Mixed Operations worksheet designed for Grade 3 students. Easy and fun math practice.,https://mathworksheetarchive.github.io/html/mixed-operations-math-worksheet-2746.html,https://mathworksheetarchive.github.io/images/mixed-operations-math-worksheet-2746.jpg,Math Practice Printables,04/25/2026 04:24:00 PM
Grade 2 Multiplication Practice Worksheet (15 Problems) - Part 200 | Printable Practice,Teachers and parents love this Multiplication worksheet for Grade 2. Download and print instantly.,https://mathworksheetarchive.github.io/html/grade-2-multiplication-practice-worksheet-15-problems-part-200-3799.html,https://mathworksheetarchive.github.io/images/grade-2-multiplication-practice-worksheet-15-problems-part-200-3799.jpg,Printable Worksheets,04/25/2026 08:29:00 PM
